LINE,
536870913,6.440677773E9
1073741825,6.496622489E9
1610612737,6.519971153E9
2147483649,6.54870913E9
2684354561,6.604029827666667E9
3221225473,6.694203945666667E9
3758096385,6.692838546666667E9
4294967297,6.715487852333333E9
