LINE,
1073741825,1.3335003810333334E10
2147483649,1.3322276840333334E10
3221225473,1.3572399277333334E10
4294967297,1.3752909163666666E10
