LINE,
536870913,1.74028481E8
1073741825,3.46434995E8
1610612737,5.18414551E8
2147483649,6.90174405E8
2684354561,8.6180445E8
3221225473,1.033350934E9
3758096385,1.204846462E9
4294967297,1.376305429E9
