LINE,
268435457,8.7658875E7
536870913,1.74506337E8
805306369,2.61165108E8
1073741825,3.47738955E8
1342177281,4.34271003E8
1610612737,5.20784848E8
1879048193,6.07293467E8
2147483649,6.93806281E8
2415919105,7.80328908E8
2684354561,8.6686673E8
2952790017,9.53421426E8
3221225473,1.039994481E9
3489660929,1.126589436E9
3758096385,1.213208972E9
4026531841,1.299849146E9
4294967297,1.386514336E9
