LINE,
1073741825,3.45759415E8
2147483649,6.88330762E8
3221225473,1.029999566E9
4294967297,1.371170227E9
