LINE,
268435457,8.7658875E7
536870913,8.6847462E7
805306369,8.6658771E7
1073741825,8.6573847E7
1342177281,8.6532048E7
1610612737,8.6513845E7
1879048193,8.6508619E7
2147483649,8.6512814E7
2415919105,8.6522627E7
2684354561,8.6537822E7
2952790017,8.6554696E7
3221225473,8.6573055E7
3489660929,8.6594955E7
3758096385,8.6619536E7
4026531841,8.6640174E7
4294967297,8.666519E7
