LINE,
536870913,1.74028481E8
1073741825,1.72406514E8
1610612737,1.71979556E8
2147483649,1.71759854E8
2684354561,1.71630045E8
3221225473,1.71546484E8
3758096385,1.71495528E8
4294967297,1.71458967E8
