LINE,
1073741825,3.45759415E8
2147483649,3.42571347E8
3221225473,3.41668804E8
4294967297,3.41170661E8
