LINE,
536870913,6.440677773E9
1073741825,1.2937300262E10
1610612737,1.9457271415E10
2147483649,2.6005980545E10
2684354561,3.2610010372666668E10
3221225473,3.9304214318333336E10
3758096385,4.5997052865E10
4294967297,5.2712540717333336E10
