LINE,
1073741825,1.3335003810333334E10
2147483649,2.6657280650666668E10
3221225473,4.0229679928E10
4294967297,5.3982589091666664E10
